anthracene,-,488,986,1744,-,475,959,1670,-,2:02,CANNON BALLERS RACING汎用,
B.O.D.Y.,-,558,1103,1734,-,608,1067,1661,-,1:53,"専用:BEMANI Designers ""Kaito""",
Bad Encryption,-,678,1015,1633,-,692,998,1614,-,1:53,専用:Routes,
C-C-C-N-N-N,-,504,898,1434,-,525,902,1490,-,1:59,"専用:BEMANI Designers ""アキ""",
CUE CUE RESCUE,-,580,853,1278,-,555,838,1244,-,1:46,"専用:BEMANI Designers ""アキ""",
Driver,-,450,651,906,-,455,647,930,-,1:58,PENDUAL FUTURE汎用,
EZ DO DANCE,196,388,714,992,-,387,717,1167,-,1:56,Rootage CYBER汎用,
GET UP AGAIN,-,564,856,1226,-,588,821,1227,-,1:55,RESIDENT CYBER汎用+レイヤー,"BEMANI Designers ""GOLI"""
LADS,-,474,834,1155,-,519,720,1349,-,1:56,6th HOUSE汎用+レイヤー,"BEMANI Designers ""いそにん"""
Luna Plena,-,438,814,1309,-,455,794,1334,-,1:58,"専用:BEMANI Designers ""猫味蕎麦""",
Meissa,-,465,826,1435,-,463,825,1415,-,1:52,RESIDENT CYBER汎用,
Move UR Body,-,597,919,1327,-,544,919,1358,-,1:57,CANNON BALLERS RACING汎用,
No Border,-,589,1013,1895,-,592,1075,1953,-,2:03,専用:Minako Endo,
Peng-Ging Sky High!!,-,558,746,1336,-,558,760,1341,-,1:57,"専用:BEMANI Designers ""アキ""",
Perfect Plan,-,595,912,1328,-,597,913,1305,-,2:11,BISTROVER TRANSPORT汎用,
Programmed Genom,-,570,826,1214,-,559,829,1155,-,2:05,"専用:BEMANI Designers ""Ray""",
Rewind Time,-,361,658,1107,-,360,655,1215,-,1:59,RESIDENT CYBER汎用,
Ruler or Loser,-,494,845,1339,-,493,855,1351,-,1:57,"専用:BEMANI Designers ""NAGI""",
Seraph,-,500,922,1227,-,503,859,1234,-,1:58,"専用:BEMANI Designers ""ロNO""",
Shadow World,-,498,836,1369,-,510,885,1365,-,2:03,"専用:BEMANI Designers ""maysea""",
Summerblue,-,551,886,1232,-,552,885,1271,-,2:05,"専用:BEMANI Designers ""4O8Q""",
Sunny Day Vibes,-,482,829,1150,-,562,930,1211,-,1:53,専用,
TECHNOPHOBIA,-,404,852,1544,-,437,839,1538,-,1:46,専用,
THE TIME MACHINE,-,552,900,1350,-,574,856,1328,-,1:59,専用:Taiyo Yamamoto,
VOLCANIC BIGBEAT,-,552,932,1444,-,568,922,1402,-,1:59,10th HOUSE汎用,
"wanna be a ""BAD GIRL"" feat. Nana Takahashi",-,401,665,1029,-,395,661,1002,-,2:01,Lincle POPS汎用+レイヤー,"BEMANI Designers ""はるお"""
With You,-,420,801,1296,-,404,754,1234,-,2:02,専用:pam,
≡+≡,-,698,1069,1520,-,696,1031,1573,-,1:58,RESIDENT CYBER汎用,
3V0,-,530,929,1530,-,530,930,1530,-,1:59,専用:alo,
雨のちパノラマセカイ,-,413,721,1112,-,491,798,1115,-,2:02,tricoro CYBER汎用,
罪過の聖堂,-,449,708,1080,-,449,731,1081,-,2:02,専用:ヒロサキ,
きゅんです。,-,367,724,1177,-,384,718,1202,-,1:46,専用,
儚キ戀ノ幻想譚,-,797,1169,1808,-,806,1139,1800,-,1:56,"専用:BEMANI Designers ""アオニサイ(蒼弐)""",
いつかオトナになれるといいね。,277,568,984,1522,-,583,1002,1640,-,2:04,公式PV,
響花水月,-,608,974,1487,-,586,1039,1545,-,2:01,PENDUAL PRESENT汎用,
真夜中のバベル,-,360,607,877,-,357,597,891,-,1:53,"専用:BEMANI Designers ""tef*tef""",
おとせサンダー,107,334,602,1088,-,350,608,1158,-,1:42,公式PV,
生きるよすが,222,479,766,1256,-,477,823,1284,-,2:09,公式PV,
湘南ロンリーMIDNIGHT RAIN,-,493,918,1438,-,518,891,1305,-,2:05,4th HOUSE汎用+ミスレイヤー,?
月と夢の跡 ft. マナ,-,484,780,1269,-,488,808,1233,-,2:03,copula JAPANESQUE汎用,
KING,226,475,997,1553,-,460,987,1581,-,2:11,Rootage CYBER汎用,
マツケンサンバII,202,570,923,1460,-,571,911,1473,-,2:10,Resort Anthem DANCE汎用,
新時代,168,379,633,1171,-,379,631,1165,-,1:57,HEROIC VERSE POPS汎用,
神っぽいな,186,392,734,1078,-,411,740,1079,-,1:47,PENDUAL FUTURE汎用,
RINИE,-,604,1186,1788,-,604,1172,1767,-,2:00,Lincle CYBER汎用,
I,-,632,1191,1901,-,617,1151,1890,-,2:00,CastHour CYBER汎用,
輪廻の鴉,-,520,910,1398,-,584,910,1398,-,2:01,Rootage CYBER汎用,
[ ]DENTITY,-,590,1070,2000,-,616,1048,2000,-,2:08,tricoro CYBER汎用,
VOLAQUAS,-,670,1119,1982,-,667,1141,2003,-,2:08,HEROIC VERSE POPS汎用,
Fading Stars,-,553,831,1367,-,581,874,1292,-,2:01,専用:ヒロサキ,
DIAMOND JACKAL,-,540,839,1313,-,531,800,1213,-,1:50,BISTROVER METAL汎用+ミスレイヤー,"BEMANI Designers ""DIAMOND Noodle"""
あるビー！ feat.ころねぽち,-,500,900,1457,-,502,885,1474,-,2:02,"専用:BEMANI Designers ""GOLI""",
Peaktime Booster,-,588,959,1663,-,588,909,1572,-,2:00,10th HOUSE汎用+レイヤー,"BEMANI Designers ""NAGI"""
LOUDER ROLLING THUNDER,-,555,1029,1767,-,635,1026,1650,-,1:55,専用,
昏き甲鉄のヴェルガ,-,458,813,1177,-,431,766,1229,-,2:05,RESIDENT CYBER汎用,
楽園追放,-,476,796,1228,-,496,776,1223,-,1:54,"専用:BEMANI Designers ""T田""",
ちょえちょえまぎか,-,619,1159,1529,-,619,1136,1512,-,1:58,"専用:BEMANI Designers ""NAGI""",
ONE AND ONLY,-,600,919,1639,-,620,1018,1646,-,2:06,"専用:BEMANI Designers ""maysea""",
Super Freak,-,565,963,1754,-,606,974,1789,-,2:04,専用:murAta Yuzi,
Level 4,-,619,1066,1883,-,600,1032,1883,-,2:02,専用:Taiyo Yamamoto、Rei Kurashima,
kors k's How to make OTOGE CORE 「LONG」,-,607,1216,1863,-,610,1219,1859,-,2:09,"専用:BEMANI Designers ""猫long蕎麦""",
Beyond Evolution,-,753,1332,2216,-,777,1364,2137,-,2:06,専用,
AWA AWA,-,398,671,1169,-,405,705,1237,-,2:09,専用,
STRAIGHT TO THE STARS,-,530,879,1506,-,486,857,1456,-,2:01,tricoro CYBER汎用+レイヤー,?
EXODUS SIGN,-,626,921,1366,-,633,946,1275,-,2:00,専用,
glacia,-,606,1093,1492,-,608,1080,1497,-,1:58,Rootage CYBER汎用,
Chaotoxin,-,599,888,1705,-,615,869,1746,-,2:03,専用,
栄冠のカンパネラ,-,687,1101,2000,-,700,1179,2000,-,1:59,専用,
BIGWAVERS,-,587,963,1796,-,599,1042,1777,-,2:07,専用,
Somnidiscotheque,-,,,1776,-,,,1788,-,2:00,専用,
■□模様,-,495,782,1337,-,527,809,1380,-,2:03,SINOBUZ POPS汎用+ミスレイヤー,?
7 Colors,-,318,607,970,-,318,597,997,-,1:39,BISTROVER TRANSPORT汎用,
Ambush Ace,-,542,1075,1492,-,528,959,1477,-,1:54,HEROIC VERSE POPS汎用,
神のシナリオ,-,593,882,1652,-,589,904,1630,-,2:03,専用,
ぞうしょく！？マイデンティティ,-,645,1177,1851,-,645,1165,1787,-,1:57,CastHour CYBER汎用+レイヤー,?
Xerulean,-,690,1049,1802,-,709,1043,1804,-,1:54,copula TRANSPORT汎用(色違い)+レイヤー,?
《ORDERBREAKER》,-,511,815,1257,-,521,750,1298,-,1:59,BISTROVER METAL汎用,
Get On Your Feet,-,573,914,1384,-,587,944,1347,-,2:01,Rootage CYBER汎用,
OVER VOLTAGE,-,560,935,1332,-,583,954,1371,-,2:08,RESIDENT CYBER汎用,
Hat Surprise (Season 2),-,514,928,1729,-,524,947,1703,-,1:57,CANNON BALLERS RACING汎用,
Ōu Legends,-,581,1068,1687,-,600,1063,1701,-,2:02,tricoro TECHNO汎用,
Next Level,-,477,817,1100,-,473,816,1135,-,1:57,PENDUAL FUTURE汎用,
Red Soul,-,543,915,1494,-,532,931,1463,-,2:02,tricoro CYBER汎用,
STAR BEAT,-,427,880,1230,-,446,882,1271,-,1:56,CastHour CYBER汎用,
dica dica,-,591,1233,1638,-,600,1230,1640,-,2:01,SIRIUS CYBER汎用,
サヨナラ・ヘヴン-Celtic Chip Dance Mix-,-,461,775,1319,-,443,736,1280,-,1:58,CastHour CYBER汎用,
ZEИITH,-,580,1020,1531,-,597,1008,1502,-,1:55,Rootage CYBER汎用,
The Clown of 24stairs,-,579,1146,1788,-,572,1117,1786,-,1:48,HEROIC VERSE POPS汎用,
恋愛＝精度×認識力,-,825,1220,1756,-,805,1174,1716,-,2:06,SINOBUZ POPS汎用,
DEEP ROAR,-,503,726,1387,-,500,720,1378,-,1:57,6th EURO汎用+ミスレイヤー,VJ GYO
fun,-,311,586,950,-,295,574,950,-,1:41,5th DISCO汎用,
THE SHINING POLARIS(kors k mix),-,664,1061,1645,-,656,1006,1631,-,2:09,専用:rice.c,